Make,Model,Type,Origin,DriveTrain,MSRP,Invoice,EngineSize,Cylinders,Horsepower,MPG_City,MPG_Highway,Weight,Wheelbase,Length
Acura,MDX,SUV,Asia,All,"$36,945 ","$33,337 ",3.5,6.0,265.0,17.0,26.0,4451.0,106.0,189.0
Acura,RSX Type S 2dr,Sedan,Asia,Front,"$23,820 ","$21,761 ",2.0,4.0,200.0,24.0,34.0,2778.0,101.0,172.0
Acura,TSX 4dr,Sedan,Asia,Front,"$26,990 ","$24,647 ",2.4,4.0,200.0,22.0,32.0,3230.0,105.0,183.0
Acura,TL 4dr,Sedan,Asia,Front,"$33,195 ","$30,299 ",3.2,6.0,270.0,20.0,31.0,3575.0,108.0,186.0
Acura,3.5 RL 4dr,Sedan,Asia,Front,"$43,755 ","$39,014 ",3.5,6.0,225.0,18.0,27.0,3880.0,115.0,197.0
Acura,3.5 RL w/Navigation 4dr,Sedan,Asia,Front,"$46,100 ","$41,100 ",3.5,6.0,225.0,18.0,27.0,3893.0,115.0,197.0
Acura,NSX coupe 2dr manual S,Sports,Asia,Rear,"$89,765 ","$79,978 ",3.2,6.0,290.0,17.0,27.0,3153.0,100.0,174.0
Audi,A4 1.8T 4dr,Sedan,Europe,Front,"$25,940 ","$23,508 ",1.8,4.0,170.0,22.0,34.0,3252.0,104.0,179.0
Audi,A41.8T convertible 2dr,Sedan,Europe,Front,"$35,940 ","$32,506 ",1.8,4.0,170.0,23.0,33.0,3638.0,105.0,180.0
Audi,A4 3.0 4dr,Sedan,Europe,Front,"$31,840 ","$28,846 ",3.0,6.0,220.0,20.0,31.0,3462.0,104.0,179.0
Audi,A4 3.0 Quattro 4dr manual,Sedan,Europe,All,"$33,430 ","$30,366 ",3.0,6.0,220.0,17.0,29.0,3583.0,104.0,179.0
Audi,A4 3.0 Quattro 4dr auto,Sedan,Europe,All,"$34,480 ","$31,388 ",3.0,6.0,220.0,18.0,28.0,3627.0,104.0,179.0
Audi,A6 3.0 4dr,Sedan,Europe,Front,"$36,640 ","$33,129 ",3.0,6.0,220.0,20.0,30.0,3561.0,109.0,192.0
Audi,A6 3.0 Quattro 4dr,Sedan,Europe,All,"$39,640 ","$35,992 ",3.0,6.0,220.0,18.0,28.0,3880.0,109.0,192.0
Audi,A4 3.0 convertible 2dr,Sedan,Europe,Front,"$42,490 ","$38,325 ",3.0,6.0,220.0,20.0,30.0,3814.0,105.0,180.0
Audi,A4 3.0 Quattro convertible 2dr,Sedan,Europe,All,"$44,240 ","$40,075 ",3.0,6.0,220.0,18.0,28.0,4013.0,105.0,180.0
Audi,A6 2.7 Turbo Quattro 4dr,Sedan,Europe,All,"$42,840 ","$38,840 ",2.7,6.0,250.0,18.0,28.0,3836.0,109.0,192.0
Audi,A6 4.2 Quattro 4dr,Sedan,Europe,All,"$49,690 ","$44,936 ",4.2,8.0,300.0,17.0,27.0,4024.0,109.0,193.0
Audi,A8 L Quattro 4dr,Sedan,Europe,All,"$69,190 ","$64,740 ",4.2,8.0,330.0,17.0,27.0,4399.0,121.0,204.0
Audi,S4 Quattro 4dr,Sedan,Europe,All,"$48,040 ","$43,556 ",4.2,8.0,340.0,14.0,23.0,3825.0,104.0,179.0
Audi,RS 6 4dr,Sports,Europe,Front,"$84,600 ","$76,417 ",4.2,8.0,450.0,15.0,25.0,4024.0,109.0,191.0
Audi,TT 1.8 convertible 2dr (coupe),Sports,Europe,Front,"$35,940 ","$32,512 ",1.8,4.0,180.0,20.0,31.0,3131.0,95.0,159.0
Audi,TT 1.8 Quattro 2dr (convertible),Sports,Europe,All,"$37,390 ","$33,891 ",1.8,4.0,225.0,20.0,31.0,2921.0,96.0,159.0
Audi,TT 3.2 coupe 2dr (convertible),Sports,Europe,All,"$40,590 ","$36,739 ",3.2,6.0,250.0,21.0,32.0,3351.0,96.0,159.0
Audi,A6 3.0 Avant Quattro,Wagon,Europe,All,"$40,840 ","$37,060 ",3.0,6.0,220.0,18.0,28.0,4035.0,109.0,192.0
Audi,S4 Avant Quattro,Wagon,Europe,All,"$49,090 ","$44,446 ",4.2,8.0,340.0,15.0,24.0,3936.0,104.0,179.0
BMW,X3 3.0i,SUV,Europe,All,"$37,000 ","$33,873 ",3.0,6.0,225.0,16.0,26.0,4023.0,110.0,180.0
BMW,X5 4.4i,SUV,Europe,All,"$52,195 ","$47,720 ",4.4,8.0,325.0,16.0,25.0,4824.0,111.0,184.0
BMW,325i 4dr,Sedan,Europe,Rear,"$28,495 ","$26,155 ",2.5,6.0,184.0,20.0,32.0,3219.0,107.0,176.0
BMW,325Ci 2dr,Sedan,Europe,Rear,"$30,795 ","$28,245 ",2.5,6.0,184.0,20.0,32.0,3197.0,107.0,177.0
,,,,,,,3.1967289719626195,5.807511737089202,215.8855140186916,20.060747663551403,29.843457943925234,3577.9532710280373,108.15420560747664,186.36214953271028
BMW,325Ci convertible 2dr,Sedan,Europe,Rear,"$37,995 ","$34,800 ",2.5,6.0,184.0,19.0,30.0,3560.0,107.0,177.0
BMW,325xi 4dr,Sedan,Europe,All,"$30,245 ","$27,745 ",2.5,6.0,184.0,19.0,30.0,3461.0,107.0,176.0
BMW,330i 4dr,Sedan,Europe,Rear,"$35,495 ","$32,525 ",3.0,6.0,225.0,20.0,33.0,3285.0,107.0,176.0
BMW,330Ci 2dr,Sedan,Europe,Rear,"$36,995 ","$33,890 ",3.0,6.0,225.0,20.0,33.0,3285.0,107.0,176.0
BMW,330xi 4dr,Sedan,Europe,All,"$37,245 ","$34,115 ",3.0,6.0,225.0,20.0,32.0,3483.0,107.0,176.0
BMW,525i 4dr,Sedan,Europe,Rear,"$39,995 ","$36,620 ",2.5,6.0,184.0,19.0,31.0,3428.0,114.0,191.0
BMW,330Ci convertible 2dr,Sedan,Europe,Rear,"$44,295 ","$40,530 ",3.0,6.0,225.0,19.0,31.0,3616.0,107.0,177.0
BMW,530i 4dr,Sedan,Europe,Rear,"$44,995 ","$41,170 ",3.0,6.0,225.0,20.0,33.0,3472.0,114.0,191.0
,,,,,,,3.1967289719626195,5.807511737089202,215.8855140186916,20.060747663551403,29.843457943925234,3577.9532710280373,108.15420560747664,186.36214953271028
BMW,545iA 4dr,Sedan,Europe,Rear,"$54,995 ","$50,270 ",4.4,8.0,325.0,18.0,29.0,3814.0,114.0,191.0
BMW,745i 4dr,Sedan,Europe,Rear,"$69,195 ","$63,190 ",4.4,8.0,325.0,18.0,29.0,4376.0,118.0,198.0
BMW,745Li 4dr,Sedan,Europe,Rear,"$73,195 ","$66,830 ",4.4,8.0,325.0,18.0,29.0,4464.0,123.0,204.0
BMW,M3 coupe 2dr,Sports,Europe,Rear,"$48,195 ","$44,170 ",3.2,6.0,333.0,16.0,27.0,3415.0,108.0,177.0
BMW,M3 convertible 2dr,Sports,Europe,Rear,"$56,595 ","$51,815 ",3.2,6.0,333.0,16.0,26.0,3781.0,108.0,177.0
BMW,Z4 convertible 2.5i 2dr,Sports,Europe,Rear,"$33,895 ","$31,065 ",2.5,6.0,184.0,20.0,31.0,2932.0,98.0,161.0
BMW,Z4 convertible 3.0i 2dr,Sports,Europe,Rear,"$41,045 ","$37,575 ",3.0,6.0,225.0,21.0,32.0,2998.0,98.0,161.0
BMW,325xi Sport,Wagon,Europe,All,"$32,845 ","$30,110 ",2.5,6.0,184.0,19.0,29.0,3594.0,107.0,176.0
Buick,Rainier,SUV,USA,All,"$37,895 ","$34,357 ",4.2,6.0,275.0,15.0,24.0,4600.0,113.0,193.0
Buick,Rendezvous CX,SUV,USA,Front,"$26,545 ","$24,085 ",3.4,6.0,185.0,19.0,29.0,4024.0,112.0,187.0
Buick,Century Custom 4dr,Sedan,USA,Front,"$22,180 ","$20,351 ",3.1,6.0,175.0,20.0,33.0,3353.0,109.0,195.0
Buick,LeSabre Custom 4dr,Sedan,USA,Front,"$26,470 ","$24,282 ",3.8,6.0,205.0,20.0,32.0,3567.0,112.0,200.0
Buick,Regal LS 4dr,Sedan,USA,Front,"$24,895 ","$22,835 ",3.8,6.0,200.0,20.0,33.0,3461.0,109.0,196.0
Buick,Regal GS 4dr,Sedan,USA,Front,"$28,345 ","$26,047 ",3.8,6.0,240.0,18.0,31.0,3536.0,109.0,196.0
Buick,LeSabre Limited 4dr,Sedan,USA,Front,"$32,245 ","$29,566 ",3.8,6.0,205.0,20.0,32.0,3591.0,112.0,200.0
Buick,Park Avenue 4dr,Sedan,USA,Front,"$35,545 ","$32,244 ",3.8,6.0,205.0,20.0,32.0,3778.0,114.0,207.0
Buick,Park Avenue Ultra 4dr,Sedan,USA,Front,"$40,720 ","$36,927 ",3.8,6.0,240.0,18.0,31.0,3909.0,114.0,207.0
Cadillac,Escalade,SUV,USA,Front,"$52,795 ","$48,377 ",5.3,8.0,295.0,14.0,21.0,5367.0,116.0,199.0
Cadillac,SRX V8,SUV,USA,Front,"$46,995 ","$43,523 ",4.6,8.0,320.0,16.0,24.0,4302.0,116.0,195.0
Cadillac,CTS VVT 4dr,Sedan,USA,Rear,"$30,835 ","$28,575 ",3.6,6.0,255.0,18.0,28.0,3694.0,113.0,190.0
Cadillac,Deville 4dr,Sedan,USA,Front,"$45,445 ","$41,650 ",4.6,8.0,275.0,18.0,29.0,3984.0,115.0,207.0
Cadillac,Deville DTS 4dr,Sedan,USA,Front,"$50,595 ","$46,362 ",4.6,8.0,300.0,18.0,29.0,4044.0,115.0,207.0
Cadillac,Seville SLS 4dr,Sedan,USA,Front,"$47,955 ","$43,841 ",4.6,8.0,275.0,18.0,29.0,3992.0,112.0,201.0
Cadillac,XLR convertible 2dr,Sports,USA,Rear,"$76,200 ","$70,546 ",4.6,8.0,320.0,17.0,28.0,3647.0,106.0,178.0
Cadillac,Escalade EXT,Truck,USA,All,"$52,975 ","$48,541 ",6.0,8.0,345.0,13.0,20.0,5879.0,130.0,221.0
Chevrolet,Suburban 1500 LT,SUV,USA,Front,"$42,735 ","$37,422 ",5.3,8.0,295.0,14.0,21.0,4947.0,130.0,219.0
Chevrolet,Tahoe LT,SUV,USA,All,"$41,465 ","$36,287 ",5.3,8.0,295.0,14.0,21.0,5050.0,116.0,197.0
Chevrolet,TrailBlazer LT,SUV,USA,Front,"$30,295 ","$27,479 ",4.2,6.0,275.0,16.0,24.0,4425.0,113.0,192.0
Chevrolet,Tracker,SUV,USA,Front,"$20,255 ","$19,108 ",2.5,6.0,165.0,19.0,25.0,2866.0,98.0,163.0
Chevrolet,Aveo 4dr,Sedan,USA,Front,"$11,690 ","$10,965 ",1.6,4.0,103.0,28.0,37.0,2370.0,98.0,167.0
Chevrolet,Aveo LS 4dr hatch,Sedan,USA,Front,"$12,585 ","$11,802 ",1.6,4.0,103.0,28.0,37.0,2348.0,98.0,153.0
Chevrolet,Cavalier 2dr,Sedan,USA,Front,"$14,610 ","$13,697 ",2.2,4.0,140.0,26.0,40.0,2617.0,104.0,183.0
Chevrolet,Cavalier 4dr,Sedan,USA,Front,"$14,810 ","$13,884 ",2.2,4.0,140.0,26.0,40.0,2676.0,104.0,183.0
Chevrolet,Cavalier LS 2dr,Sedan,USA,Front,"$16,385 ","$15,357 ",2.2,4.0,140.0,26.0,40.0,2617.0,104.0,183.0
Chevrolet,Impala 4dr,Sedan,USA,Front,"$21,900 ","$20,095 ",3.4,6.0,180.0,21.0,35.0,3465.0,111.0,200.0
Chevrolet,Malibu 4dr,Sedan,USA,Front,"$18,995 ","$17,434 ",2.2,4.0,145.0,24.0,37.0,3174.0,106.0,188.0
Chevrolet,Malibu LS 4dr,Sedan,USA,Front,"$20,370 ","$18,639 ",3.5,6.0,200.0,22.0,33.0,3297.0,106.0,188.0
Chevrolet,Monte Carlo LS 2dr,Sedan,USA,Front,"$21,825 ","$20,026 ",3.4,6.0,180.0,21.0,35.0,3340.0,111.0,198.0
Chevrolet,Impala LS 4dr,Sedan,USA,Front,"$25,000 ","$22,931 ",3.8,6.0,200.0,20.0,33.0,3476.0,111.0,200.0
Chevrolet,Impala SS 4dr,Sedan,USA,Front,"$27,995 ","$25,672 ",3.8,6.0,240.0,18.0,31.0,3606.0,111.0,200.0
Chevrolet,Malibu LT 4dr,Sedan,USA,Front,"$23,495 ","$21,551 ",3.5,6.0,200.0,23.0,35.0,3315.0,106.0,188.0
Chevrolet,Monte Carlo SS 2dr,Sedan,USA,Front,"$24,225 ","$22,222 ",3.8,6.0,200.0,18.0,31.0,3434.0,111.0,198.0
Chevrolet,Astro,Sedan,USA,All,"$26,395 ","$23,954 ",4.3,6.0,190.0,14.0,20.0,4605.0,111.0,190.0
Chevrolet,Venture LS,Sedan,USA,Front,"$27,020 ","$24,518 ",3.4,6.0,185.0,19.0,29.0,3699.0,112.0,187.0
Chevrolet,Corvette 2dr,Sports,USA,Rear,"$44,535 ","$39,068 ",5.7,8.0,350.0,18.0,28.0,3246.0,105.0,180.0
Chevrolet,Corvette convertible 2dr,Sports,USA,Rear,"$51,535 ","$45,193 ",5.7,8.0,350.0,18.0,28.0,3248.0,105.0,180.0
Chevrolet,Avalanche 1500,Truck,USA,All,"$36,100 ","$31,689 ",5.3,8.0,295.0,14.0,21.0,5678.0,130.0,222.0
Chevrolet,Colorado Z85,Truck,USA,All,"$18,760 ","$17,070 ",2.8,4.0,175.0,18.0,26.0,3623.0,111.0,192.0
Chevrolet,Silverado 1500 Regular Cab,Truck,USA,Rear,"$20,310 ","$18,480 ",4.3,6.0,200.0,15.0,24.0,4142.0,119.0,206.0
Chevrolet,Silverado SS,Truck,USA,All,"$40,340 ","$35,399 ",6.0,8.0,300.0,13.0,20.0,4804.0,144.0,238.0
Chevrolet,SSR,Truck,USA,Rear,"$41,995 ","$39,306 ",5.3,8.0,300.0,16.0,22.0,4760.0,116.0,191.0
Chevrolet,Malibu Maxx LS,Wagon,USA,Front,"$22,225 ","$20,394 ",3.5,6.0,200.0,22.0,33.0,3458.0,112.0,188.0
Chrysler,PT Cruiser 4dr,Sedan,USA,Front,"$17,985 ","$16,919 ",2.4,4.0,150.0,22.0,32.0,3101.0,103.0,169.0
Chrysler,PT Cruiser Limited 4dr,Sedan,USA,Front,"$22,000 ","$20,573 ",2.4,4.0,150.0,22.0,32.0,3105.0,103.0,169.0
Chrysler,Sebring 4dr,Sedan,USA,Front,"$19,090 ","$17,805 ",2.4,4.0,150.0,22.0,33.0,3173.0,108.0,191.0
Chrysler,Sebring Touring 4dr,Sedan,USA,Front,"$21,840 ","$20,284 ",2.7,6.0,200.0,21.0,31.0,3222.0,108.0,191.0
Chrysler,300M 4dr,Sedan,USA,Front,"$29,865 ","$27,797 ",3.5,6.0,250.0,18.0,30.0,3581.0,113.0,198.0
Chrysler,Concorde LX 4dr,Sedan,USA,Front,"$24,130 ","$22,452 ",2.7,6.0,200.0,21.0,32.0,3479.0,113.0,208.0
Chrysler,Concorde LXi 4dr,Sedan,USA,Front,"$26,860 ","$24,909 ",3.5,6.0,232.0,19.0,30.0,3548.0,113.0,208.0
Chrysler,PT Cruiser GT 4dr,Sedan,USA,Front,"$25,955 ","$24,172 ",2.4,4.0,220.0,21.0,30.0,3217.0,103.0,169.0
Chrysler,Sebring convertible 2dr,Sedan,USA,Front,"$25,215 ","$23,451 ",2.4,4.0,150.0,22.0,33.0,3357.0,106.0,194.0
Chrysler,300M Special Edition 4dr,Sedan,USA,Front,"$33,295 ","$30,884 ",3.5,6.0,255.0,18.0,30.0,3650.0,113.0,198.0
Chrysler,Sebring Limited convertible 2dr,Sedan,USA,Front,"$30,950 ","$28,613 ",2.7,6.0,200.0,21.0,31.0,3448.0,106.0,194.0
Chrysler,Town and Country LX,Sedan,USA,Front,"$27,490 ","$25,371 ",3.3,6.0,180.0,19.0,29.0,4068.0,119.0,201.0
Chrysler,Town and Country Limited,Sedan,USA,Front,"$38,380 ","$35,063 ",3.8,6.0,215.0,18.0,28.0,4331.0,119.0,201.0
Chrysler,Crossfire 2dr,Sports,USA,Rear,"$34,495 ","$32,033 ",3.2,6.0,215.0,17.0,28.0,3060.0,95.0,160.0
Chrysler,Pacifica,Wagon,USA,Rear,"$31,230 ","$28,725 ",3.5,6.0,250.0,17.0,26.0,4675.0,116.0,199.0
Dodge,Durango SLT,SUV,USA,All,"$32,235 ","$29,472 ",4.7,8.0,230.0,15.0,24.0,4987.0,119.0,201.0
Dodge,Neon SE 4dr,Sedan,USA,Front,"$13,670 ","$12,849 ",2.0,4.0,132.0,29.0,39.0,2581.0,105.0,174.0
Dodge,Neon SXT 4dr,Sedan,USA,Front,"$15,040 ","$14,086 ",2.0,4.0,132.0,29.0,39.0,2626.0,105.0,174.0
Dodge,Intrepid SE 4dr,Sedan,USA,Front,"$22,035 ","$20,502 ",2.7,6.0,200.0,21.0,32.0,3469.0,113.0,204.0
Dodge,Stratus SXT 4dr,Sedan,USA,Front,"$18,820 ","$17,512 ",2.4,4.0,150.0,21.0,31.0,3182.0,108.0,191.0
Dodge,Stratus SE 4dr,Sedan,USA,Front,"$20,220 ","$18,821 ",2.4,4.0,150.0,21.0,31.0,3175.0,108.0,191.0
Dodge,Intrepid ES 4dr,Sedan,USA,Front,"$24,885 ","$23,058 ",3.5,6.0,232.0,18.0,30.0,3487.0,113.0,204.0
Dodge,Caravan SE,Sedan,USA,Front,"$21,795 ","$20,508 ",2.4,4.0,150.0,20.0,29.0,3862.0,113.0,189.0
Dodge,Grand Caravan SXT,Sedan,USA,All,"$32,660 ","$29,812 ",3.8,6.0,215.0,18.0,28.0,4440.0,119.0,201.0
Dodge,Viper SRT-10 convertible 2dr,Sports,USA,Rear,"$81,795 ","$74,451 ",8.3,10.0,500.0,12.0,23.0,3410.0,99.0,176.0
Dodge,Dakota Regular Cab,Truck,USA,Rear,"$17,630 ","$16,264 ",3.7,6.0,210.0,16.0,25.0,3714.0,112.0,193.0
Dodge,Dakota Club Cab,Truck,USA,Rear,"$20,300 ","$18,670 ",3.7,6.0,210.0,16.0,25.0,3829.0,131.0,219.0
Dodge,Ram 1500 Regular Cab ST,Truck,USA,Rear,"$20,215 ","$18,076 ",3.7,6.0,215.0,16.0,24.0,4542.0,121.0,208.0
Ford,Excursion 6.8 XLT,SUV,USA,All,"$41,475 ","$36,494 ",6.8,10.0,310.0,10.0,16.0,7190.0,137.0,227.0
Ford,Expedition 4.6 XLT,SUV,USA,Front,"$34,560 ","$30,468 ",4.6,8.0,232.0,15.0,22.0,5000.0,119.0,206.0
Ford,Explorer XLT V6,SUV,USA,All,"$29,670 ","$26,983 ",4.0,6.0,210.0,15.0,23.0,4463.0,114.0,190.0
Ford,Escape XLS,SUV,USA,All,"$22,515 ","$20,907 ",3.0,6.0,201.0,18.0,26.0,3346.0,103.0,173.0
Ford,Focus ZX3 2dr hatch,Sedan,USA,Front,"$13,270 ","$12,482 ",2.0,4.0,130.0,26.0,36.0,2612.0,103.0,168.0
Ford,Focus LX 4dr,Sedan,USA,Front,"$13,730 ","$12,906 ",2.0,4.0,110.0,27.0,39.0,2606.0,103.0,168.0
Ford,Focus SE 4dr,Sedan,USA,Front,"$15,460 ","$14,496 ",2.0,4.0,130.0,26.0,36.0,2606.0,103.0,168.0
Ford,Focus ZX5 5dr,Sedan,USA,Front,"$15,580 ","$14,607 ",2.0,4.0,130.0,26.0,36.0,2691.0,103.0,168.0
Ford,Focus SVT 2dr,Sedan,USA,Front,"$19,135 ","$17,878 ",2.0,4.0,170.0,21.0,31.0,2750.0,103.0,168.0
Ford,Taurus LX 4dr,Sedan,USA,Front,"$20,320 ","$18,881 ",3.0,6.0,155.0,20.0,30.0,3306.0,109.0,198.0
Ford,Taurus SES Duratec 4dr,Sedan,USA,Front,"$22,735 ","$20,857 ",3.0,6.0,201.0,19.0,29.0,3313.0,109.0,198.0
Ford,Crown Victoria 4dr,Sedan,USA,Rear,"$24,345 ","$22,856 ",4.6,8.0,224.0,17.0,28.0,4057.0,115.0,212.0
Ford,Crown Victoria LX 4dr,Sedan,USA,Rear,"$27,370 ","$25,105 ",4.6,8.0,224.0,17.0,28.0,4057.0,115.0,212.0
Ford,Crown Victoria LX Sport 4dr,Sedan,USA,Rear,"$30,315 ","$27,756 ",4.6,8.0,239.0,17.0,28.0,4057.0,115.0,212.0
Ford,Freestar SE,Sedan,USA,Front,"$26,930 ","$24,498 ",3.9,6.0,193.0,17.0,26.0,4275.0,121.0,201.0
Ford,Mustang 2dr (convertible),Sports,USA,Rear,"$18,345 ","$16,943 ",3.8,6.0,193.0,20.0,32.0,3290.0,101.0,183.0
Ford,Mustang GT Premium convertible 2dr,Sports,USA,Rear,"$29,380 ","$26,875 ",4.6,8.0,260.0,17.0,28.0,3347.0,101.0,183.0
Ford,Thunderbird Deluxe convert w/hardtop 2d,Sports,USA,Front,"$37,530 ","$34,483 ",3.9,8.0,280.0,17.0,27.0,3780.0,107.0,186.0
Ford,F-150 Regular Cab XL,Truck,USA,Rear,"$22,010 ","$19,490 ",4.6,8.0,231.0,15.0,22.0,4788.0,126.0,211.0
Ford,F-150 Supercab Lariat,Truck,USA,All,"$33,540 ","$29,405 ",5.4,8.0,300.0,14.0,21.0,5464.0,133.0,218.0
Ford,Ranger 2.3 XL Regular Cab,Truck,USA,Rear,"$14,385 ","$13,717 ",2.3,4.0,143.0,24.0,32.0,3028.0,111.0,188.0
Ford,Focus ZTW,Wagon,USA,Front,"$17,475 ","$16,375 ",2.0,4.0,130.0,26.0,36.0,2702.0,103.0,178.0
Ford,Taurus SE,Wagon,USA,Front,"$22,290 ","$20,457 ",3.0,6.0,155.0,19.0,29.0,3497.0,109.0,198.0
GMC,Envoy XUV SLE,SUV,USA,Front,"$31,890 ","$28,922 ",4.2,6.0,275.0,15.0,22.0,4945.0,129.0,208.0
GMC,Yukon 1500 SLE,SUV,USA,Front,"$35,725 ","$31,361 ",4.8,8.0,285.0,16.0,22.0,5042.0,116.0,199.0
GMC,Yukon XL 2500 SLT,SUV,USA,All,"$46,265 ","$40,534 ",6.0,8.0,325.0,13.0,20.0,6133.0,130.0,219.0
GMC,Safari SLE,Sedan,USA,Rear,"$25,640 ","$23,215 ",4.3,6.0,190.0,16.0,23.0,4309.0,111.0,190.0
GMC,Canyon Z85 SL Regular Cab,Truck,USA,Rear,"$16,530 ","$14,877 ",2.8,4.0,175.0,18.0,28.0,3351.0,111.0,192.0
GMC,Sierra Extended Cab 1500,Truck,USA,Rear,"$25,717 ","$22,604 ",4.8,8.0,285.0,17.0,23.0,4548.0,144.0,230.0
GMC,Sierra HD 2500,Truck,USA,All,"$29,322 ","$25,759 ",6.0,8.0,300.0,13.0,21.0,5440.0,133.0,222.0
GMC,Sonoma Crew Cab,Truck,USA,All,"$25,395 ","$23,043 ",4.3,6.0,190.0,15.0,22.0,4083.0,123.0,208.0
Honda,Civic Hybrid 4dr manual (gas/electric),Hybrid,Asia,Front,"$20,140 ","$18,451 ",1.4,4.0,93.0,46.0,54.0,2732.0,103.0,175.0
Honda,Insight 2dr (gas/electric),Hybrid,Asia,Front,"$19,110 ","$17,911 ",2.0,3.0,73.0,60.0,69.0,1850.0,95.0,155.0
Honda,Pilot LX,SUV,Asia,All,"$27,560 ","$24,843 ",3.5,6.0,240.0,17.0,25.0,4387.0,106.0,188.0
Honda,CR-V LX,SUV,Asia,All,"$19,860 ","$18,419 ",2.4,4.0,160.0,21.0,28.0,3258.0,103.0,179.0
Honda,Element LX,SUV,Asia,All,"$18,690 ","$17,334 ",2.4,4.0,160.0,21.0,27.0,3468.0,101.0,167.0
Honda,Civic DX 2dr,Sedan,Asia,Front,"$13,270 ","$12,175 ",1.7,4.0,115.0,32.0,41.0,2432.0,103.0,175.0
Honda,Civic HX 2dr,Sedan,Asia,Front,"$14,170 ","$12,996 ",1.7,4.0,117.0,36.0,47.0,2500.0,103.0,175.0
Honda,Civic LX 4dr,Sedan,Asia,Front,"$15,850 ","$14,531 ",1.7,4.0,115.0,32.0,41.0,2513.0,103.0,175.0
Honda,Accord LX 2dr,Sedan,Asia,Front,"$19,860 ","$17,924 ",2.4,4.0,160.0,26.0,37.0,2994.0,105.0,188.0
Honda,Accord EX 2dr,Sedan,Asia,Front,"$22,260 ","$20,080 ",2.4,4.0,160.0,26.0,37.0,3047.0,105.0,188.0
,,,,,,,3.1967289719626195,5.807511737089202,215.8855140186916,20.060747663551403,29.843457943925234,3577.9532710280373,108.15420560747664,186.36214953271028
Honda,Civic EX 4dr,Sedan,Asia,Front,"$17,750 ","$16,265 ",1.7,4.0,127.0,32.0,40.0,2601.0,103.0,175.0
Honda,Civic Si 2dr hatch,Sedan,Asia,Front,"$19,490 ","$17,849 ",2.0,4.0,160.0,26.0,33.0,2782.0,101.0,166.0
Honda,Accord LX V6 4dr,Sedan,Asia,Front,"$23,760 ","$21,428 ",3.0,6.0,240.0,21.0,33.0,3349.0,108.0,190.0
Honda,Accord EX V6 2dr,Sedan,Asia,Front,"$26,960 ","$24,304 ",3.0,6.0,240.0,21.0,33.0,3294.0,105.0,188.0
Honda,Odyssey LX,Sedan,Asia,Front,"$24,950 ","$22,498 ",3.5,6.0,240.0,18.0,28.0,4310.0,118.0,201.0
Honda,Odyssey EX,Sedan,Asia,Front,"$27,450 ","$24,744 ",3.5,6.0,240.0,18.0,28.0,4365.0,118.0,201.0
Honda,S2000 convertible 2dr,Sports,Asia,Rear,"$33,260 ","$29,965 ",2.2,4.0,240.0,20.0,28.0,2835.0,95.0,162.0
Hummer,H2,SUV,USA,All,"$49,995 ","$45,815 ",6.0,8.0,316.0,10.0,15.0,6400.0,123.0,190.0
Hyundai,Santa Fe GLS,SUV,Asia,Front,"$21,589 ","$20,201 ",2.7,6.0,173.0,20.0,29.0,3549.0,103.0,177.0
Hyundai,Accent 2dr hatch,Sedan,Asia,Front,"$10,539 ","$10,107 ",1.6,4.0,103.0,29.0,36.0,2255.0,96.0,167.0
Hyundai,Accent GL 4dr,Sedan,Asia,Front,"$11,839 ","$11,116 ",1.6,4.0,103.0,29.0,36.0,2290.0,96.0,167.0
,,,,,,,3.1967289719626195,5.807511737089202,215.8855140186916,20.060747663551403,29.843457943925234,3577.9532710280373,108.15420560747664,186.36214953271028
Hyundai,Accent GT 2dr hatch,Sedan,Asia,Front,"$11,939 ","$11,209 ",1.6,4.0,103.0,29.0,36.0,2339.0,96.0,167.0
Hyundai,Elantra GLS 4dr,Sedan,Asia,Front,"$13,839 ","$12,781 ",2.0,4.0,138.0,26.0,37.0,2635.0,103.0,178.0
Hyundai,Elantra GT 4dr,Sedan,Asia,Front,"$15,389 ","$14,207 ",2.0,4.0,138.0,26.0,37.0,2635.0,103.0,178.0
Hyundai,Elantra GT 4dr hatch,Sedan,Asia,Front,"$15,389 ","$14,207 ",2.0,4.0,138.0,26.0,37.0,2698.0,103.0,178.0
Hyundai,Sonata GLS 4dr,Sedan,Asia,Front,"$19,339 ","$17,574 ",2.7,6.0,170.0,19.0,30.0,3217.0,106.0,187.0
Hyundai,Sonata LX 4dr,Sedan,Asia,Front,"$20,339 ","$18,380 ",2.7,6.0,170.0,19.0,30.0,3217.0,106.0,187.0
Hyundai,XG350 4dr,Sedan,Asia,Front,"$24,589 ","$22,055 ",3.5,6.0,194.0,17.0,29.0,3651.0,108.0,192.0
Hyundai,XG350 L 4dr,Sedan,Asia,Front,"$26,189 ","$23,486 ",3.5,6.0,194.0,17.0,29.0,3651.0,108.0,192.0
Hyundai,Tiburon GT V6 2dr,Sports,Asia,Front,"$18,739 ","$17,101 ",2.7,6.0,172.0,19.0,29.0,3023.0,100.0,173.0
Infiniti,G35 4dr,Sedan,Asia,Rear,"$28,495 ","$26,157 ",3.5,6.0,260.0,18.0,29.0,3336.0,112.0,187.0
Infiniti,G35 Sport Coupe 2dr,Sedan,Asia,Rear,"$29,795 ","$27,536 ",3.5,6.0,280.0,18.0,29.0,3416.0,112.0,182.0
Infiniti,G35 4dr,Sedan,Asia,All,"$32,445 ","$29,783 ",3.5,6.0,260.0,18.0,29.0,3677.0,112.0,187.0
Infiniti,I35 4dr,Sedan,Asia,Front,"$31,145 ","$28,320 ",3.5,6.0,255.0,19.0,29.0,3306.0,108.0,194.0
Infiniti,M45 4dr,Sedan,Asia,Rear,"$42,845 ","$38,792 ",4.5,8.0,340.0,17.0,26.0,3851.0,110.0,197.0
Infiniti,Q45 Luxury 4dr,Sedan,Asia,Rear,"$52,545 ","$47,575 ",4.5,8.0,340.0,17.0,26.0,3977.0,113.0,200.0
Infiniti,FX35,Wagon,Asia,Rear,"$34,895 ","$31,756 ",3.5,6.0,280.0,16.0,25.0,4056.0,112.0,189.0
Infiniti,FX45,Wagon,Asia,All,"$36,395 ","$33,121 ",4.5,8.0,315.0,15.0,22.0,4309.0,112.0,189.0
Isuzu,Ascender S,SUV,Asia,All,"$31,849 ","$29,977 ",4.2,6.0,275.0,15.0,23.0,4967.0,129.0,208.0
Isuzu,Rodeo S,SUV,Asia,Front,"$20,449 ","$19,261 ",3.2,6.0,193.0,17.0,24.0,3836.0,106.0,178.0
Jaguar,X-Type 2.5 4dr,Sedan,Europe,All,"$29,995 ","$27,355 ",2.5,6.0,192.0,18.0,29.0,3428.0,107.0,184.0
Jaguar,X-Type 3.0 4dr,Sedan,Europe,All,"$33,995 ","$30,995 ",3.0,6.0,227.0,18.0,28.0,3516.0,107.0,184.0
Jaguar,S-Type 3.0 4dr,Sedan,Europe,Rear,"$43,895 ","$40,004 ",3.0,6.0,235.0,18.0,29.0,3777.0,115.0,192.0
Jaguar,S-Type 4.2 4dr,Sedan,Europe,Rear,"$49,995 ","$45,556 ",4.2,8.0,294.0,18.0,31.0,3874.0,115.0,192.0
Jaguar,S-Type R 4dr,Sedan,Europe,Rear,"$63,120 ","$57,499 ",4.2,8.0,390.0,17.0,27.0,4046.0,115.0,192.0
Jaguar,Vanden Plas 4dr,Sedan,Europe,Rear,"$68,995 ","$62,846 ",4.2,8.0,294.0,18.0,31.0,3803.0,119.0,200.0
Jaguar,XJ8 4dr,Sedan,Europe,Rear,"$59,995 ","$54,656 ",4.2,8.0,294.0,18.0,31.0,3803.0,119.0,200.0
Jaguar,XJR 4dr,Sedan,Europe,Rear,"$74,995 ","$68,306 ",4.2,8.0,390.0,17.0,27.0,3948.0,119.0,200.0
Jaguar,XK8 coupe 2dr,Sports,Europe,Rear,"$69,995 ","$63,756 ",4.2,8.0,294.0,18.0,29.0,3779.0,102.0,187.0
Jaguar,XK8 convertible 2dr,Sports,Europe,Rear,"$74,995 ","$68,306 ",4.2,8.0,294.0,18.0,29.0,3980.0,102.0,187.0
Jaguar,XKR coupe 2dr,Sports,Europe,Rear,"$81,995 ","$74,676 ",4.2,8.0,390.0,16.0,26.0,3865.0,102.0,187.0
Jaguar,XKR convertible 2dr,Sports,Europe,Rear,"$86,995 ","$79,226 ",4.2,8.0,390.0,16.0,26.0,4042.0,102.0,187.0
Jeep,Grand Cherokee Laredo,SUV,USA,Front,"$27,905 ","$25,686 ",4.0,6.0,195.0,16.0,24.0,3790.0,106.0,181.0
Jeep,Liberty Sport,SUV,USA,All,"$20,130 ","$18,973 ",2.4,4.0,150.0,20.0,27.0,3826.0,104.0,174.0
Jeep,Wrangler Sahara convertible 2dr,SUV,USA,All,"$25,520 ","$23,275 ",4.0,6.0,190.0,16.0,22.0,3575.0,93.0,150.0
Kia,Sorento LX,SUV,Asia,Front,"$19,635 ","$18,630 ",3.5,6.0,192.0,16.0,22.0,4112.0,107.0,180.0
Kia,Optima LX 4dr,Sedan,Asia,Front,"$16,040 ","$14,910 ",2.4,4.0,138.0,23.0,33.0,3281.0,106.0,186.0
Kia,Rio 4dr manual,Sedan,Asia,Front,"$10,280 ","$9,875 ",1.6,4.0,104.0,26.0,36.0,2403.0,95.0,167.0
Kia,Rio 4dr auto,Sedan,Asia,Front,"$11,155 ","$10,705 ",1.6,4.0,104.0,25.0,35.0,2458.0,95.0,167.0
Kia,Spectra 4dr,Sedan,Asia,Front,"$12,360 ","$11,630 ",1.8,4.0,124.0,24.0,35.0,2661.0,101.0,178.0
Kia,Spectra GS 4dr hatch,Sedan,Asia,Front,"$13,580 ","$12,830 ",1.8,4.0,124.0,24.0,35.0,2686.0,101.0,178.0
Kia,Spectra GSX 4dr hatch,Sedan,Asia,Front,"$14,630 ","$13,790 ",1.8,4.0,124.0,24.0,35.0,2697.0,101.0,178.0
Kia,Optima LX V6 4dr,Sedan,Asia,Front,"$18,435 ","$16,850 ",2.7,6.0,170.0,20.0,30.0,3279.0,106.0,186.0
Kia,Amanti 4dr,Sedan,Asia,Front,"$26,000 ","$23,764 ",3.5,6.0,195.0,17.0,28.0,4021.0,110.0,196.0
Kia,Sedona LX,Sedan,Asia,Front,"$20,615 ","$19,400 ",3.5,6.0,195.0,16.0,25.0,4802.0,115.0,194.0
Kia,Rio Cinco,Wagon,Asia,Front,"$11,905 ","$11,410 ",1.6,4.0,104.0,26.0,36.0,2447.0,95.0,167.0
Land Rover,Range Rover HSE,SUV,Europe,All,"$72,250 ","$65,807 ",4.4,8.0,282.0,12.0,19.0,5379.0,113.0,195.0
Land Rover,Discovery SE,SUV,Europe,All,"$39,250 ","$35,777 ",4.6,8.0,217.0,12.0,19.0,4576.0,100.0,185.0
Land Rover,Freelander SE,SUV,Europe,All,"$25,995 ","$23,969 ",2.5,6.0,174.0,18.0,24.0,3577.0,101.0,175.0
Lexus,GX 470,SUV,Asia,All,"$45,700 ","$39,838 ",4.7,8.0,235.0,15.0,22.0,4740.0,110.0,188.0
Lexus,LX 470,SUV,Asia,All,"$64,800 ","$56,455 ",4.7,8.0,235.0,13.0,20.0,5590.0,112.0,193.0
Lexus,RX 330,SUV,Asia,All,"$39,195 ","$34,576 ",3.3,6.0,230.0,18.0,27.0,4065.0,107.0,186.0
Lexus,ES 330 4dr,Sedan,Asia,Front,"$32,350 ","$28,755 ",3.3,6.0,225.0,20.0,32.0,3460.0,107.0,191.0
Lexus,IS 300 4dr manual,Sedan,Asia,Rear,"$31,045 ","$27,404 ",3.0,6.0,215.0,18.0,28.0,3255.0,105.0,177.0
Lexus,IS 300 4dr auto,Sedan,Asia,Rear,"$32,415 ","$28,611 ",3.0,6.0,215.0,18.0,27.0,3285.0,105.0,177.0
Lexus,GS 300 4dr,Sedan,Asia,Rear,"$41,010 ","$36,196 ",3.0,6.0,220.0,18.0,28.0,3649.0,110.0,189.0
Lexus,GS 430 4dr,Sedan,Asia,Rear,"$48,450 ","$42,232 ",4.3,8.0,300.0,18.0,26.0,3715.0,110.0,189.0
Lexus,LS 430 4dr,Sedan,Asia,Rear,"$55,750 ","$48,583 ",4.3,8.0,290.0,18.0,28.0,3990.0,115.0,197.0
Lexus,SC 430 convertible 2dr,Sports,Asia,Rear,"$63,200 ","$55,063 ",4.3,8.0,300.0,18.0,26.0,3840.0,103.0,178.0
Lexus,IS 300 SportCross,Wagon,Asia,Rear,"$32,455 ","$28,647 ",3.0,6.0,215.0,18.0,27.0,3410.0,105.0,177.0
Lincoln,Navigator Luxury,SUV,USA,All,"$52,775 ","$46,360 ",5.4,8.0,300.0,13.0,21.0,5969.0,119.0,206.0
Lincoln,Aviator Ultimate,SUV,USA,Front,"$42,915 ","$39,443 ",4.6,8.0,302.0,13.0,21.0,4834.0,114.0,193.0
Lincoln,LS V6 Luxury 4dr,Sedan,USA,Rear,"$32,495 ","$29,969 ",3.0,6.0,232.0,20.0,29.0,3681.0,115.0,194.0
Lincoln,LS V6 Premium 4dr,Sedan,USA,Rear,"$36,895 ","$33,929 ",3.0,6.0,232.0,20.0,29.0,3681.0,115.0,194.0
Lincoln,LS V8 Sport 4dr,Sedan,USA,Rear,"$40,095 ","$36,809 ",3.9,8.0,280.0,17.0,27.0,3768.0,115.0,194.0
Lincoln,LS V8 Ultimate 4dr,Sedan,USA,Rear,"$43,495 ","$39,869 ",3.9,8.0,280.0,17.0,27.0,3768.0,115.0,194.0
Lincoln,Town Car Signature 4dr,Sedan,USA,Rear,"$41,815 ","$38,418 ",4.6,8.0,239.0,17.0,28.0,4369.0,118.0,215.0
Lincoln,Town Car Ultimate 4dr,Sedan,USA,Rear,"$44,925 ","$41,217 ",4.6,8.0,239.0,17.0,28.0,4369.0,118.0,215.0
Lincoln,Town Car Ultimate L 4dr,Sedan,USA,Rear,"$50,470 ","$46,208 ",4.6,8.0,239.0,17.0,28.0,4474.0,124.0,221.0
MINI,Cooper,Sedan,Europe,Front,"$16,999 ","$15,437 ",1.6,4.0,115.0,28.0,40.0,2524.0,97.0,143.0
MINI,Cooper S,Sedan,Europe,Front,"$19,999 ","$18,137 ",1.6,4.0,163.0,25.0,37.0,2678.0,97.0,144.0
Mazda,Tribute DX 2.0,SUV,Asia,All,"$21,087 ","$19,742 ",2.0,4.0,130.0,22.0,28.0,3091.0,103.0,173.0
Mazda,Mazda3 i 4dr,Sedan,Asia,Front,"$15,500 ","$14,525 ",2.0,4.0,148.0,26.0,37.0,2696.0,104.0,178.0
Mazda,Mazda3 s 4dr,Sedan,Asia,Front,"$17,200 ","$15,922 ",2.3,4.0,160.0,25.0,34.0,2762.0,104.0,179.0
Mazda,Mazda6 i 4dr,Sedan,Asia,Front,"$19,270 ","$17,817 ",2.3,4.0,160.0,24.0,35.0,3042.0,105.0,187.0
Mazda,MPV ES,Sedan,Asia,Front,"$28,750 ","$26,600 ",3.0,6.0,200.0,18.0,28.0,3812.0,112.0,188.0
Mazda,MX-5 Miata convertible 2dr,Sports,Asia,Rear,"$22,388 ","$20,701 ",1.8,4.0,142.0,23.0,31.0,2387.0,89.0,156.0
Mazda,MX-5 Miata LS convertible 2dr,Sports,Asia,Rear,"$25,193 ","$23,285 ",1.8,4.0,142.0,23.0,31.0,2387.0,89.0,156.0
Mazda,RX-8 4dr automatic,Sports,Asia,Rear,"$25,700 ","$23,794 ",1.3,5.807511737089202,197.0,18.0,28.0,3053.0,106.0,174.0
Mazda,RX-8 4dr manual,Sports,Asia,Rear,"$27,200 ","$25,179 ",1.3,5.807511737089202,238.0,18.0,27.0,3029.0,106.0,174.0
Mazda,B2300 SX Regular Cab,Truck,Asia,Rear,"$14,840 ","$14,070 ",2.3,4.0,143.0,24.0,32.0,2960.0,112.0,188.0
Mazda,B4000 SE Cab Plus,Truck,Asia,All,"$22,350 ","$20,482 ",4.0,6.0,207.0,15.0,22.0,3571.0,126.0,203.0
Mercedes-Benz,G500,SUV,Europe,All,"$76,870 ","$71,540 ",5.0,8.0,292.0,13.0,17.0,5423.0,112.0,186.0
Mercedes-Benz,ML500,SUV,Europe,All,"$46,470 ","$43,268 ",5.0,8.0,288.0,14.0,20.0,4874.0,111.0,183.0
Mercedes-Benz,C230 Sport 2dr,Sedan,Europe,Rear,"$26,060 ","$24,249 ",1.8,4.0,189.0,22.0,33.0,3250.0,107.0,178.0
Mercedes-Benz,C320 Sport 2dr,Sedan,Europe,Rear,"$28,370 ","$26,435 ",3.2,6.0,215.0,19.0,29.0,3430.0,107.0,178.0
Mercedes-Benz,C240 4dr,Sedan,Europe,Rear,"$32,280 ","$30,071 ",2.6,6.0,168.0,20.0,28.0,3360.0,107.0,178.0
Mercedes-Benz,C240 4dr,Sedan,Europe,All,"$33,480 ","$31,187 ",2.6,6.0,168.0,19.0,28.0,3360.0,107.0,178.0
Mercedes-Benz,C320 Sport 4dr,Sedan,Europe,Rear,"$35,920 ","$33,456 ",3.2,6.0,215.0,19.0,29.0,3430.0,107.0,178.0
Mercedes-Benz,C320 4dr,Sedan,Europe,Rear,"$37,630 ","$35,046 ",3.2,6.0,215.0,20.0,29.0,3450.0,107.0,178.0
Mercedes-Benz,C320 4dr,Sedan,Europe,All,"$38,830 ","$36,162 ",3.2,6.0,215.0,19.0,30.0,3450.0,107.0,178.0
Mercedes-Benz,C32 AMG 4dr,Sedan,Europe,Rear,"$52,120 ","$48,522 ",3.2,6.0,349.0,16.0,24.0,3540.0,107.0,178.0
Mercedes-Benz,CL500 2dr,Sedan,Europe,Rear,"$94,820 ","$88,324 ",5.0,8.0,302.0,16.0,27.0,4085.0,114.0,196.0
Mercedes-Benz,CL600 2dr,Sedan,Europe,Rear,"$128,420 ","$119,600 ",5.5,12.0,493.0,13.0,22.0,4473.0,114.0,196.0
Mercedes-Benz,CLK320 coupe 2dr (convertible),Sedan,Europe,Rear,"$45,707 ","$41,966 ",3.2,6.0,215.0,20.0,29.0,3770.0,107.0,183.0
Mercedes-Benz,CLK500 coupe 2dr (convertible),Sedan,Europe,Rear,"$52,800 ","$49,104 ",5.0,8.0,302.0,17.0,25.0,3585.0,107.0,183.0
Mercedes-Benz,E320 4dr,Sedan,Europe,Rear,"$48,170 ","$44,849 ",3.2,6.0,221.0,19.0,30.0,3635.0,112.0,190.0
Mercedes-Benz,E500 4dr,Sedan,Europe,Rear,"$57,270 ","$53,382 ",5.0,8.0,302.0,16.0,23.0,3815.0,112.0,190.0
Mercedes-Benz,S430 4dr,Sedan,Europe,Rear,"$74,320 ","$69,168 ",4.3,8.0,275.0,18.0,29.0,4160.0,122.0,203.0
Mercedes-Benz,S500 4dr,Sedan,Europe,All,"$86,970 ","$80,939 ",5.0,8.0,302.0,16.0,27.0,4390.0,122.0,203.0
Mercedes-Benz,SL500 convertible 2dr,Sports,Europe,Rear,"$90,520 ","$84,325 ",5.0,8.0,302.0,16.0,26.0,4065.0,101.0,179.0
Mercedes-Benz,SL55 AMG 2dr,Sports,Europe,Rear,"$121,770 ","$113,388 ",5.5,8.0,493.0,14.0,24.0,4235.0,101.0,179.0
Mercedes-Benz,SL600 convertible 2dr,Sports,Europe,Rear,"$126,670 ","$117,854 ",5.5,12.0,493.0,13.0,22.0,4429.0,101.0,179.0
Mercedes-Benz,SLK230 convertible 2dr,Sports,Europe,Rear,"$40,320 ","$37,548 ",2.3,4.0,192.0,21.0,32.0,3055.0,95.0,158.0
Mercedes-Benz,SLK32 AMG 2dr,Sports,Europe,Rear,"$56,170 ","$52,289 ",3.2,6.0,349.0,17.0,25.0,3220.0,95.0,158.0
Mercedes-Benz,C240,Wagon,Europe,Rear,"$33,780 ","$31,466 ",2.6,6.0,168.0,19.0,28.0,3470.0,107.0,179.0
Mercedes-Benz,E320,Wagon,Europe,Rear,"$50,670 ","$47,174 ",3.2,6.0,221.0,19.0,30.0,3966.0,112.0,190.0
Mercedes-Benz,E500,Wagon,Europe,All,"$60,670 ","$56,474 ",5.0,8.0,302.0,16.0,27.0,4230.0,112.0,190.0
Mercury,Mountaineer,SUV,USA,Front,"$29,995 ","$27,317 ",4.0,6.0,210.0,16.0,24.0,4374.0,114.0,190.0
Mercury,Sable GS 4dr,Sedan,USA,Front,"$21,595 ","$19,848 ",3.0,6.0,155.0,20.0,30.0,3308.0,109.0,200.0
Mercury,Grand Marquis GS 4dr,Sedan,USA,Rear,"$24,695 ","$23,217 ",4.6,8.0,224.0,17.0,28.0,4052.0,115.0,212.0
Mercury,Grand Marquis LS Premium 4dr,Sedan,USA,Rear,"$29,595 ","$27,148 ",4.6,8.0,224.0,17.0,28.0,4052.0,115.0,212.0
Mercury,Sable LS Premium 4dr,Sedan,USA,Front,"$23,895 ","$21,918 ",3.0,6.0,201.0,19.0,29.0,3315.0,109.0,200.0
Mercury,Grand Marquis LS Ultimate 4dr,Sedan,USA,Rear,"$30,895 ","$28,318 ",4.6,8.0,224.0,17.0,28.0,4052.0,115.0,212.0
Mercury,Marauder 4dr,Sedan,USA,Rear,"$34,495 ","$31,558 ",4.6,8.0,302.0,17.0,26.0,4195.0,115.0,212.0
Mercury,Monterey Luxury,Sedan,USA,Front,"$33,995 ","$30,846 ",4.2,6.0,201.0,16.0,26.0,4340.0,121.0,202.0
Mercury,Sable GS,Wagon,USA,Front,"$22,595 ","$20,748 ",3.0,6.0,155.0,19.0,29.0,3488.0,109.0,198.0
Mitsubishi,Endeavor XLS,SUV,Asia,All,"$30,492 ","$28,330 ",3.8,6.0,215.0,17.0,24.0,4134.0,109.0,190.0
Mitsubishi,Montero XLS,SUV,Asia,All,"$33,112 ","$30,763 ",3.8,6.0,215.0,15.0,22.0,4718.0,110.0,190.0
Mitsubishi,Outlander LS,SUV,Asia,Front,"$18,892 ","$17,569 ",2.4,4.0,160.0,21.0,30.0,3240.0,103.0,179.0
Mitsubishi,Lancer ES 4dr,Sedan,Asia,Front,"$14,622 ","$13,751 ",2.0,4.0,120.0,25.0,34.0,2656.0,102.0,181.0
Mitsubishi,Lancer LS 4dr,Sedan,Asia,Front,"$16,722 ","$15,718 ",2.0,4.0,120.0,25.0,34.0,2795.0,102.0,181.0
Mitsubishi,Galant ES 2.4L 4dr,Sedan,Asia,Front,"$19,312 ","$17,957 ",2.4,4.0,160.0,23.0,33.0,3351.0,108.0,191.0
Mitsubishi,Lancer OZ Rally 4dr auto,Sedan,Asia,Front,"$17,232 ","$16,196 ",2.0,4.0,120.0,25.0,34.0,2744.0,102.0,181.0
Mitsubishi,Diamante LS 4dr,Sedan,Asia,Front,"$29,282 ","$27,250 ",3.5,6.0,205.0,18.0,28.0,3549.0,107.0,194.0
Mitsubishi,Galant GTS 4dr,Sedan,Asia,Front,"$25,700 ","$23,883 ",3.8,6.0,230.0,18.0,29.0,3649.0,108.0,191.0
Mitsubishi,Eclipse GTS 2dr,Sports,Asia,Front,"$25,092 ","$23,456 ",3.0,6.0,210.0,21.0,31.0,3241.0,101.0,177.0
Mitsubishi,Eclipse Spyder GT convertible 2dr,Sports,Asia,Front,"$26,992 ","$25,218 ",3.0,6.0,210.0,21.0,31.0,3296.0,101.0,177.0
Mitsubishi,Lancer Evolution 4dr,Sports,Asia,Front,"$29,562 ","$27,466 ",2.0,4.0,271.0,18.0,29.0,3263.0,103.0,179.0
Mitsubishi,Lancer Sportback LS,Wagon,Asia,Front,"$17,495 ","$16,295 ",2.4,4.0,160.0,25.0,34.0,3020.0,102.0,181.0
Nissan,Pathfinder Armada SE,SUV,Asia,Front,"$33,840 ","$30,815 ",5.6,8.0,305.0,13.0,22.0,5013.0,123.0,207.0
Nissan,Pathfinder SE,SUV,Asia,Front,"$27,339 ","$25,972 ",3.5,6.0,240.0,16.0,24.0,3871.0,106.0,183.0
Nissan,Xterra XE V6,SUV,Asia,Front,"$20,939 ","$19,512 ",3.3,6.0,180.0,17.0,23.0,3760.0,104.0,178.0
Nissan,Sentra 1.8 4dr,Sedan,Asia,Front,"$12,740 ","$12,205 ",1.8,4.0,126.0,28.0,38.0,2513.0,100.0,178.0
Nissan,Sentra 1.8 S 4dr,Sedan,Asia,Front,"$14,740 ","$13,747 ",1.8,4.0,126.0,28.0,38.0,2581.0,100.0,178.0
Nissan,Altima S 4dr,Sedan,Asia,Front,"$19,240 ","$18,030 ",2.5,4.0,175.0,21.0,29.0,3039.0,110.0,192.0
Nissan,Sentra SE-R 4dr,Sedan,Asia,Front,"$17,640 ","$16,444 ",2.5,4.0,165.0,23.0,31.0,2761.0,100.0,178.0
Nissan,Altima SE 4dr,Sedan,Asia,Front,"$23,290 ","$21,580 ",3.5,6.0,245.0,21.0,29.0,3197.0,110.0,192.0
Nissan,Maxima SE 4dr,Sedan,Asia,Front,"$27,490 ","$25,182 ",3.5,6.0,265.0,20.0,31.0,3473.0,111.0,194.0
Nissan,Maxima SL 4dr,Sedan,Asia,Front,"$29,440 ","$26,966 ",3.5,6.0,265.0,20.0,31.0,3476.0,111.0,194.0
Nissan,Quest S,Sedan,Asia,Front,"$24,780 ","$22,958 ",3.5,6.0,240.0,19.0,29.0,4012.0,124.0,204.0
Nissan,Quest SE,Sedan,Asia,Front,"$32,780 ","$30,019 ",3.5,6.0,240.0,18.0,28.0,4175.0,124.0,204.0
Nissan,350Z coupe 2dr,Sports,Asia,Rear,"$26,910 ","$25,203 ",3.5,6.0,287.0,20.0,29.0,3188.0,104.0,169.0
Nissan,350Z Enthusiast convertible 2dr,Sports,Asia,Rear,"$34,390 ","$31,845 ",3.5,6.0,287.0,20.0,29.0,3428.0,104.0,169.0
Nissan,Frontier King Cab XE V6,Truck,Asia,All,"$19,479 ","$18,253 ",3.3,6.0,180.0,17.0,23.0,3932.0,116.0,191.0
Nissan,Titan King Cab XE,Truck,Asia,All,"$26,650 ","$24,926 ",5.6,8.0,305.0,14.0,21.0,5287.0,140.0,224.0
Nissan,Murano SL,Wagon,Asia,Rear,"$28,739 ","$27,300 ",3.5,6.0,245.0,20.0,28.0,3801.0,111.0,188.0
Oldsmobile,Alero GX 2dr,Sedan,USA,Front,"$18,825 ","$17,642 ",2.2,4.0,140.0,24.0,35.0,2946.0,107.0,187.0
Oldsmobile,Alero GLS 2dr,Sedan,USA,Front,"$23,675 ","$21,485 ",3.4,6.0,170.0,20.0,32.0,3085.0,107.0,187.0
Oldsmobile,Silhouette GL,Sedan,USA,Front,"$28,790 ","$26,120 ",3.4,6.0,185.0,19.0,29.0,3948.0,120.0,201.0
Pontiac,Aztekt,SUV,USA,Front,"$21,595 ","$19,810 ",3.4,6.0,185.0,19.0,29.0,3779.0,108.0,182.0
Pontiac,Sunfire 1SA 2dr,Sedan,USA,Front,"$15,495 ","$14,375 ",2.2,4.0,140.0,24.0,36.0,2771.0,104.0,182.0
Pontiac,Grand Am GT 2dr,Sedan,USA,Front,"$22,450 ","$20,595 ",3.4,6.0,175.0,20.0,32.0,3118.0,107.0,186.0
Pontiac,Grand Prix GT1 4dr,Sedan,USA,Front,"$22,395 ","$20,545 ",3.8,6.0,200.0,20.0,33.0,3477.0,111.0,198.0
Pontiac,Sunfire 1SC 2dr,Sedan,USA,Front,"$17,735 ","$16,369 ",2.2,4.0,140.0,24.0,36.0,2771.0,104.0,182.0
Pontiac,Grand Prix GT2 4dr,Sedan,USA,Front,"$24,295 ","$22,284 ",3.8,6.0,200.0,20.0,33.0,3484.0,111.0,198.0
Pontiac,Bonneville GXP 4dr,Sedan,USA,Front,"$35,995 ","$32,997 ",4.6,8.0,275.0,17.0,23.0,3790.0,112.0,203.0
Pontiac,Montana,Sedan,USA,Front,"$23,845 ","$21,644 ",3.4,6.0,185.0,19.0,29.0,3803.0,112.0,187.0
Pontiac,Montana EWB,Sedan,USA,All,"$31,370 ","$28,454 ",3.4,6.0,185.0,18.0,27.0,4431.0,121.0,201.0
Pontiac,GTO 2dr,Sports,USA,Rear,"$33,500 ","$30,710 ",5.7,8.0,340.0,16.0,23.0,3725.0,110.0,190.0
Pontiac,Vibe,Wagon,USA,Rear,"$17,045 ","$15,973 ",1.8,4.0,130.0,29.0,39.0,2701.0,102.0,172.0
Porsche,Cayenne S,SUV,Europe,All,"$56,665 ","$49,865 ",4.5,8.0,340.0,14.0,21.0,4950.0,112.0,188.0
Porsche,911 Carrera convertible 2dr (coupe),Sports,Europe,Rear,"$79,165 ","$69,229 ",3.6,6.0,315.0,18.0,29.0,3135.0,93.0,175.0
Porsche,911 Carrera 4S coupe 2dr (convert),Sports,Europe,All,"$84,165 ","$72,206 ",3.6,6.0,315.0,17.0,27.0,3240.0,93.0,175.0
Porsche,911 Targa coupe 2dr,Sports,Europe,Rear,"$76,765 ","$67,128 ",3.6,6.0,315.0,18.0,29.0,3119.0,93.0,175.0
Porsche,911 GT2 2dr,Sports,Europe,Rear,"$192,465 ","$173,560 ",3.6,6.0,477.0,17.0,27.0,3131.0,93.0,175.0
Porsche,Boxster convertible 2dr,Sports,Europe,Rear,"$43,365 ","$37,886 ",2.7,6.0,228.0,20.0,32.0,2811.0,95.0,170.0
Porsche,Boxster S convertible 2dr,Sports,Europe,Rear,"$52,365 ","$45,766 ",3.2,6.0,258.0,18.0,29.0,2911.0,95.0,170.0
Saab,9-3 Arc Sport 4dr,Sedan,Europe,Front,"$30,860 ","$29,269 ",2.0,4.0,210.0,20.0,31.0,3175.0,105.0,183.0
Saab,9-3 Aero 4dr,Sedan,Europe,Front,"$33,360 ","$31,562 ",2.0,4.0,210.0,20.0,31.0,3175.0,105.0,183.0
Saab,9-5 Arc 4dr,Sedan,Europe,Front,"$35,105 ","$33,011 ",2.3,4.0,220.0,21.0,32.0,3470.0,106.0,190.0
Saab,9-5 Aero 4dr,Sedan,Europe,Front,"$39,465 ","$37,721 ",2.3,4.0,250.0,21.0,32.0,3470.0,106.0,190.0
Saab,9-3 Arc convertible 2dr,Sedan,Europe,Front,"$40,670 ","$38,520 ",2.0,4.0,210.0,21.0,32.0,3480.0,105.0,182.0
Saab,9-3 Aero convertible 2dr,Sedan,Europe,Front,"$43,175 ","$40,883 ",2.0,4.0,210.0,21.0,33.0,3700.0,105.0,182.0
Saab,9-5 Aero,Wagon,Europe,Front,"$40,845 ","$38,376 ",2.3,4.0,250.0,19.0,32.0,3620.0,106.0,190.0
Saturn,VUE,SUV,USA,All,"$20,585 ","$19,238 ",2.2,4.0,143.0,21.0,29.0,3381.0,107.0,181.0
Saturn,Ion1 4dr,Sedan,USA,Front,"$10,995 ","$10,319 ",2.2,4.0,140.0,26.0,38.0,2692.0,103.0,185.0
Saturn,lon2 4dr,Sedan,USA,Front,"$14,300 ","$13,393 ",2.2,4.0,140.0,26.0,38.0,2692.0,103.0,185.0
Saturn,lon3 4dr,Sedan,USA,Front,"$15,825 ","$14,811 ",2.2,4.0,140.0,26.0,38.0,2692.0,103.0,185.0
Saturn,lon2 quad coupe 2dr,Sedan,USA,Front,"$14,850 ","$13,904 ",2.2,4.0,140.0,26.0,38.0,2751.0,103.0,185.0
Saturn,lon3 quad coupe 2dr,Sedan,USA,Front,"$16,350 ","$15,299 ",2.2,4.0,140.0,26.0,38.0,2751.0,103.0,185.0
Saturn,L300-2 4dr,Sedan,USA,Front,"$21,410 ","$19,801 ",3.0,6.0,182.0,20.0,31.0,3197.0,107.0,190.0
Saturn,L300 2,Wagon,USA,Front,"$23,560 ","$21,779 ",2.2,4.0,140.0,24.0,37.0,3109.0,107.0,190.0
Scion,xA 4dr hatch,Sedan,Asia,Front,"$12,965 ","$12,340 ",1.5,4.0,108.0,32.0,41.0,2340.0,93.0,154.0
Scion,xB,Wagon,Asia,Front,"$14,165 ","$13,480 ",1.5,4.0,108.0,31.0,38.0,2425.0,98.0,155.0
Subaru,Impreza 2.5 RS 4dr,Sedan,Asia,All,"$19,945 ","$18,399 ",2.5,4.0,165.0,22.0,31.0,2965.0,99.0,174.0
Subaru,Legacy L 4dr,Sedan,Asia,All,"$20,445 ","$18,713 ",2.5,4.0,165.0,21.0,31.0,3285.0,104.0,184.0
Subaru,Legacy GT 4dr,Sedan,Asia,All,"$25,645 ","$23,336 ",2.5,4.0,165.0,21.0,31.0,3395.0,104.0,184.0
Subaru,Outback Limited Sedan 4dr,Sedan,Asia,All,"$27,145 ","$24,687 ",2.5,4.0,165.0,20.0,30.0,3495.0,104.0,184.0
Subaru,Outback H6 4dr,Sedan,Asia,All,"$29,345 ","$26,660 ",3.0,6.0,212.0,19.0,29.0,3610.0,104.0,184.0
Subaru,Outback H-6 VDC 4dr,Sedan,Asia,All,"$31,545 ","$28,603 ",3.0,6.0,212.0,19.0,29.0,3630.0,104.0,184.0
Subaru,Impreza WRX 4dr,Sports,Asia,All,"$25,045 ","$23,022 ",2.0,4.0,227.0,20.0,30.0,3085.0,99.0,174.0
Subaru,Impreza WRX STi 4dr,Sports,Asia,All,"$31,545 ","$29,130 ",2.5,4.0,300.0,18.0,27.0,3263.0,100.0,174.0
Subaru,Baja,Truck,Asia,All,"$24,520 ","$22,304 ",2.5,4.0,165.0,21.0,31.0,3485.0,104.0,193.0
Subaru,Forester X,Wagon,Asia,All,"$21,445 ","$19,646 ",2.5,4.0,165.0,21.0,31.0,3090.0,99.0,175.0
Subaru,Outback,Wagon,Asia,All,"$23,895 ","$21,773 ",2.5,4.0,165.0,21.0,31.0,3430.0,104.0,187.0
Suzuki,XL-7 EX,SUV,Asia,Front,"$23,699 ","$22,307 ",2.7,6.0,185.0,18.0,25.0,3682.0,110.0,187.0
Suzuki,Vitara LX,SUV,Asia,All,"$17,163 ","$16,949 ",2.5,6.0,165.0,19.0,25.0,3020.0,98.0,163.0
Suzuki,Aeno S 4dr,Sedan,Asia,Front,"$12,884 ","$12,719 ",2.3,4.0,155.0,25.0,34.0,2676.0,98.0,171.0
Suzuki,Aerio LX 4dr,Sedan,Asia,Front,"$14,500 ","$14,317 ",2.3,4.0,155.0,25.0,34.0,2676.0,98.0,171.0
Suzuki,Forenza S 4dr,Sedan,Asia,Front,"$12,269 ","$12,116 ",2.0,4.0,119.0,24.0,34.0,2701.0,102.0,177.0
Suzuki,Forenza EX 4dr,Sedan,Asia,Front,"$15,568 ","$15,378 ",2.0,4.0,119.0,22.0,33.0,2756.0,102.0,177.0
Suzuki,Verona LX 4dr,Sedan,Asia,Front,"$17,262 ","$17,053 ",2.5,6.0,155.0,20.0,30.0,3380.0,106.0,188.0
Suzuki,Aerio SX,Wagon,Asia,All,"$16,497 ","$16,291 ",2.3,4.0,155.0,24.0,32.0,2932.0,98.0,167.0
Toyota,Prius 4dr (gas/electric),Hybrid,Asia,Front,"$20,510 ","$18,926 ",1.5,4.0,110.0,59.0,54.0,2890.0,106.0,175.0
Toyota,Sequoia SR5,SUV,Asia,All,"$35,695 ","$31,827 ",4.7,8.0,240.0,14.0,20.0,5270.0,118.0,204.0
Toyota,4Runner SR5 V6,SUV,Asia,Front,"$27,710 ","$24,801 ",4.0,6.0,245.0,18.0,24.0,4035.0,110.0,189.0
Toyota,Highlander V6,SUV,Asia,All,"$27,930 ","$24,915 ",3.3,6.0,230.0,18.0,27.0,3935.0,107.0,185.0
Toyota,Land Cruiser,SUV,Asia,All,"$54,765 ","$47,986 ",4.7,8.0,325.0,13.0,20.0,5390.0,112.0,193.0
Toyota,RAV4,SUV,Asia,All,"$20,290 ","$18,553 ",2.4,4.0,161.0,22.0,30.0,3119.0,98.0,167.0
Toyota,Corolla CE 4dr,Sedan,Asia,Front,"$14,085 ","$13,065 ",1.8,4.0,130.0,32.0,43.0,2502.0,102.0,178.0
Toyota,Corolla S 4dr,Sedan,Asia,Front,"$15,030 ","$13,650 ",1.8,4.0,130.0,32.0,43.0,2524.0,102.0,178.0
Toyota,Corolla LE 4dr,Sedan,Asia,Front,"$15,295 ","$13,889 ",1.8,4.0,130.0,32.0,43.0,2524.0,102.0,178.0
Toyota,Echo 2dr manual,Sedan,Asia,Front,"$10,760 ","$10,144 ",1.5,4.0,108.0,35.0,46.0,2035.0,93.0,163.0
Toyota,Echo 2dr auto,Sedan,Asia,Front,"$11,560 ","$10,896 ",1.5,4.0,108.0,33.0,42.0,2085.0,93.0,163.0
Toyota,Echo 4dr,Sedan,Asia,Front,"$11,290 ","$10,642 ",1.5,4.0,108.0,35.0,46.0,2055.0,93.0,163.0
Toyota,Camry LE 4dr,Sedan,Asia,Front,"$19,560 ","$17,558 ",2.4,4.0,157.0,24.0,36.0,3086.0,107.0,189.0
Toyota,Camry LE V6 4dr,Sedan,Asia,Front,"$22,775 ","$20,325 ",3.0,6.0,210.0,21.0,32.0,3296.0,107.0,189.0
Toyota,Camry Solara SE 2dr,Sedan,Asia,Front,"$19,635 ","$17,722 ",2.4,4.0,157.0,24.0,36.0,3175.0,107.0,193.0
Toyota,Camry Solara SE V6 2dr,Sedan,Asia,Front,"$21,965 ","$19,819 ",3.3,6.0,225.0,20.0,32.0,3417.0,107.0,193.0
Toyota,Avalon XL 4dr,Sedan,Asia,Front,"$26,560 ","$23,693 ",3.0,6.0,210.0,21.0,32.0,3417.0,107.0,192.0
Toyota,Camry XLE V6 4dr,Sedan,Asia,Front,"$25,920 ","$23,125 ",3.0,6.0,210.0,21.0,32.0,3362.0,107.0,189.0
Toyota,Camry Solara SLE V6 2dr,Sedan,Asia,Front,"$26,510 ","$23,908 ",3.3,6.0,225.0,20.0,32.0,3439.0,107.0,193.0
Toyota,Avalon XLS 4dr,Sedan,Asia,Front,"$30,920 ","$27,271 ",3.0,6.0,210.0,21.0,32.0,3439.0,107.0,192.0
Toyota,Sienna CE,Sedan,Asia,Front,"$23,495 ","$21,198 ",3.3,6.0,230.0,19.0,30.0,4120.0,119.0,200.0
Toyota,Sienna XLE Limited,Sedan,Asia,Front,"$28,800 ","$25,690 ",3.3,6.0,230.0,19.0,30.0,4165.0,119.0,200.0
Toyota,Celica GT-S 2dr,Sports,Asia,Front,"$22,570 ","$20,363 ",1.8,4.0,180.0,24.0,36.0,2500.0,102.0,171.0
Toyota,MR2 Spyder convertible 2dr,Sports,Asia,Rear,"$25,130 ","$22,787 ",1.8,4.0,138.0,26.0,35.0,2195.0,97.0,153.0
Toyota,Tacoma,Truck,Asia,Rear,"$12,800 ","$11,879 ",2.4,4.0,142.0,22.0,30.0,2750.0,103.0,191.0
Toyota,Tundra Regular Cab V6,Truck,Asia,Rear,"$16,495 ","$14,978 ",3.4,6.0,190.0,16.0,21.0,3925.0,128.0,218.0
Toyota,Tundra Access Cab V6 SR5,Truck,Asia,All,"$25,935 ","$23,520 ",3.4,6.0,190.0,14.0,20.0,4435.0,128.0,218.0
Toyota,Matrix XR,Wagon,Asia,Front,"$16,695 ","$15,156 ",1.8,4.0,130.0,29.0,39.0,2679.0,102.0,171.0
Volkswagen,Touareg V6,SUV,Europe,All,"$35,515 ","$32,243 ",3.2,6.0,220.0,15.0,23.0,5086.0,112.0,187.0
Volkswagen,Golf GLS 4dr,Sedan,Europe,Front,"$18,715 ","$17,478 ",2.0,4.0,115.0,24.0,34.0,2897.0,99.0,165.0
Volkswagen,GTI 1.8T 2dr hatch,Sedan,Europe,Front,"$19,825 ","$18,109 ",1.8,4.0,180.0,24.0,34.0,2934.0,99.0,168.0
Volkswagen,Jetta GLS TDI 4dr,Sedan,Europe,Front,"$21,055 ","$19,638 ",1.9,4.0,100.0,38.0,49.0,3003.0,99.0,172.0
Volkswagen,New Beetle GLS 1.8T 2dr,Sedan,Europe,Front,"$21,055 ","$19,638 ",1.8,4.0,150.0,24.0,34.0,2820.0,99.0,161.0
Volkswagen,Jetta GLI VR6 4dr,Sedan,Europe,Front,"$23,785 ","$21,686 ",2.8,6.0,200.0,21.0,33.0,3179.0,99.0,172.0
Volkswagen,New Beetle GLS convertible 2dr,Sedan,Europe,Front,"$23,215 ","$21,689 ",2.0,4.0,115.0,24.0,33.0,3082.0,99.0,161.0
Volkswagen,Passat GLS 4dr,Sedan,Europe,Front,"$23,955 ","$21,898 ",1.8,4.0,170.0,22.0,34.0,3241.0,106.0,185.0
Volkswagen,Passat GLX V6 4MOTION 4dr,Sedan,Europe,Front,"$33,180 ","$30,583 ",2.8,6.0,190.0,19.0,29.0,3721.0,106.0,185.0
Volkswagen,Passat W8 4MOTION 4dr,Sedan,Europe,Front,"$39,235 ","$36,052 ",4.0,8.0,270.0,18.0,28.0,3953.0,106.0,185.0
Volkswagen,Phaeton 4dr,Sedan,Europe,Front,"$65,000 ","$59,912 ",4.2,8.0,335.0,16.0,25.0,5194.0,118.0,204.0
Volkswagen,Phaeton W12 4dr,Sedan,Europe,Front,"$75,000 ","$69,130 ",6.0,12.0,420.0,12.0,22.0,5399.0,118.0,204.0
Volkswagen,Jetta GL,Wagon,Europe,Front,"$19,005 ","$17,427 ",2.0,4.0,115.0,24.0,33.0,3034.0,99.0,174.0
Volkswagen,Passat GLS 1.8T,Wagon,Europe,Front,"$24,955 ","$22,801 ",1.8,4.0,170.0,22.0,34.0,3338.0,106.0,184.0
Volkswagen,Passat W8,Wagon,Europe,Front,"$40,235 ","$36,956 ",4.0,8.0,270.0,18.0,28.0,4067.0,106.0,184.0
Volvo,XC90 T6,SUV,Europe,All,"$41,250 ","$38,851 ",2.9,6.0,268.0,15.0,23.0,4638.0,113.0,189.0
Volvo,S40 4dr,Sedan,Europe,Front,"$25,135 ","$23,701 ",1.9,4.0,170.0,22.0,32.0,2767.0,101.0,178.0
Volvo,S60 2.5 4dr,Sedan,Europe,All,"$31,745 ","$29,916 ",2.5,5.0,208.0,20.0,30.0,3903.0,107.0,180.0
Volvo,S60 T5 4dr,Sedan,Europe,Front,"$34,845 ","$32,902 ",2.3,5.0,247.0,20.0,31.0,3766.0,107.0,180.0
Volvo,S60 R 4dr,Sedan,Europe,All,"$37,560 ","$35,382 ",2.5,5.0,300.0,18.0,28.0,3571.0,107.0,181.0
Volvo,S80 2.9 4dr,Sedan,Europe,Front,"$37,730 ","$35,542 ",2.9,6.0,208.0,20.0,31.0,3576.0,110.0,190.0
Volvo,S80 2.5T 4dr,Sedan,Europe,All,"$37,885 ","$35,688 ",2.5,5.0,194.0,20.0,30.0,3691.0,110.0,190.0
Volvo,C70 LPT convertible 2dr,Sedan,Europe,Front,"$40,565 ","$38,203 ",2.4,5.0,197.0,21.0,31.0,3450.0,105.0,186.0
Volvo,C70 HPT convertible 2dr,Sedan,Europe,Front,"$42,565 ","$40,083 ",2.3,5.0,242.0,20.0,29.0,3450.0,105.0,186.0
Volvo,S80 T6 4dr,Sedan,Europe,Front,"$45,210 ","$42,573 ",2.9,6.0,268.0,19.0,29.0,3653.0,110.0,190.0
Volvo,V40,Wagon,Europe,Front,"$26,135 ","$24,641 ",1.9,4.0,170.0,22.0,32.0,2822.0,101.0,180.0
Volvo,XC70,Wagon,Europe,All,"$35,145 ","$33,112 ",2.5,5.0,208.0,20.0,30.0,3823.0,109.0,186.0
